source_cve,target_cve,relationship_type,final_decision,evidence_source,evidence_excerpt_location,excerpt_summary
CVE-2021-43036,CVE-2021-43038,precondition_met,ACCEPT,"https://nvd.nist.gov/vuln/detail/CVE-2021-43036, https://nvd.nist.gov/vuln/detail/CVE-2021-43038",CVE-2021-43036 postcondition (wguest account access) directly satisfies the precondition of CVE-2021-43038.,wguest account access satisfies precondition
CVE-2021-43034,CVE-2021-43043,precondition_met,ACCEPT,"https://nvd.nist.gov/vuln/detail/CVE-2021-43034, https://nvd.nist.gov/vuln/detail/CVE-2021-43043",CVE-2021-43034 postcondition (Apache user privileges) directly satisfies the precondition for CVE-2021-43043 (Apache user access).,Apache user privileges satisfy precondition
CVE-2021-43042,CVE-2021-43040,precondition_met,ACCEPT,"https://nvd.nist.gov/vuln/detail/CVE-2021-43042, https://nvd.nist.gov/vuln/detail/CVE-2021-43040","CVE-2021-43042 yields vaultServer privileges, which fulfills the precondition for CVE-2021-43040.",vaultServer privileges satisfy precondition
CVE-2021-43041,CVE-2021-43040,precondition_met,ACCEPT,"https://nvd.nist.gov/vuln/detail/CVE-2021-43041, https://nvd.nist.gov/vuln/detail/CVE-2021-43040","CVE-2021-43041 provides RCE with vaultServer privileges, fulfilling the precondition for CVE-2021-43040.",RCE (vaultServer privileges) satisfies precondition
CVE-2018-6328,CVE-2021-43043,precondition_met,ACCEPT,"https://nvd.nist.gov/vuln/detail/CVE-2018-6328, https://nvd.nist.gov/vuln/detail/CVE-2021-43043",CVE-2018-6328 postcondition (web server privileges) satisfies the Apache user access precondition for CVE-2021-43043.,Web server privileges satisfy Apache user precondition
CVE-2021-40387,CVE-2021-43043,precondition_met,ACCEPT,"https://nvd.nist.gov/vuln/detail/CVE-2021-40387, https://nvd.nist.gov/vuln/detail/CVE-2021-43043","CVE-2021-40387 provides web server privileges, satisfying the Apache user access precondition for CVE-2021-43043.",Web server privileges satisfy Apache user precondition
CVE-2017-12478,CVE-2018-6328,similar_attack_pattern,ACCEPT,"https://nvd.nist.gov/vuln/detail/CVE-2017-12478, https://nvd.nist.gov/vuln/detail/CVE-2018-6328",NVD confirms: Both CVEs leverage authentication bypass in web interfaces (api/storage vs /api/hosts) to enable command execution,Both exploit web interface auth bypass for command execution
CVE-2021-43041,CVE-2021-43042,similar_attack_pattern,ACCEPT,"https://nvd.nist.gov/vuln/detail/CVE-2021-43041, https://nvd.nist.gov/vuln/detail/CVE-2021-43042",NVD confirms: Both CVEs target the vaultServer component with memory corruption vulnerabilities,Both target vaultServer via memory corruption
CVE-2021-40385,CVE-2021-40387,precondition_met,REJECT,https://nvd.nist.gov/vuln/detail/CVE-2021-40385 / https://nvd.nist.gov/vuln/detail/CVE-2021-40387,CVE-2021-40385 (read-only to admin) vs CVE-2021-40387 (authenticated remote code execution),Privilege escalation vs authenticated RCE
CVE-2021-40387,CVE-2021-43034,precondition_met,REJECT,https://nvd.nist.gov/vuln/detail/CVE-2021-40387 / https://nvd.nist.gov/vuln/detail/CVE-2021-43034,CVE-2021-40387 (RCE web server privs) vs CVE-2021-43034 (Local user access),RCE (web server privs) vs Local user access
CVE-2017-12478,CVE-2021-43033,incomplete_fix,REJECT,https://nvd.nist.gov/vuln/detail/CVE-2017-12478 / https://nvd.nist.gov/vuln/detail/CVE-2021-43033,CVE-2017-12478 (api/storage interface) vs CVE-2021-43033 (bpserverd daemon),api/storage interface vs bpserverd daemon targeting
CVE-2017-12477,CVE-2017-12478,similar_attack_pattern,ACCEPT,"https://nvd.nist.gov/vuln/detail/CVE-2017-12477, https://nvd.nist.gov/vuln/detail/CVE-2017-12478","NVD confirms: Both CVEs target Unitrends Backup < 10.0.0, exploit authentication bypass vulnerabilities, and result in arbitrary command execution with root privileges",Both exploit auth bypass for root command execution
CVE-2017-12477,CVE-2021-43033,similar_attack_pattern,ACCEPT,"https://nvd.nist.gov/vuln/detail/CVE-2017-12477, https://nvd.nist.gov/vuln/detail/CVE-2021-43033",NVD confirms: Both CVEs target the same component (bpserverd daemon) and achieve arbitrary code execution as root through input validation weaknesses,Both target bpserverd for root RCE via input validation
CVE-2021-43039,CVE-2021-43040,reconnaissance,REJECT,https://nvd.nist.gov/vuln/detail/CVE-2021-43039 / https://nvd.nist.gov/vuln/detail/CVE-2021-43040,CVE-2021-43039 (Samba sharing) vs CVE-2021-43040 (vaultServer writable files),Samba sharing vs vaultServer writable files
CVE-2017-12477,CVE-2018-6328,similar_attack_pattern,ACCEPT,"https://nvd.nist.gov/vuln/detail/CVE-2017-12477, https://nvd.nist.gov/vuln/detail/CVE-2018-6328",NVD confirms both CVE-2017-12477 and CVE-2018-6328 in Unitrends Backup involve authentication bypasses allowing remote/unauthenticated users to execute or inject arbitrary commands.,Both exploit auth bypass for arbitrary command execution
CVE-2021-43040,CVE-2021-43041,similar_attack_pattern,ACCEPT,"https://nvd.nist.gov/vuln/detail/CVE-2021-43040, https://nvd.nist.gov/vuln/detail/CVE-2021-43041","NVD confirms both CVE-2021-43040 and CVE-2021-43041 affect the Kaseya Unitrends Backup Appliance before 10.5.5, specifically targeting the privileged vaultServer component.",Both target privileged vaultServer component
CVE-2021-43040,CVE-2021-43042,similar_attack_pattern,ACCEPT,"https://nvd.nist.gov/vuln/detail/CVE-2021-43040, https://nvd.nist.gov/vuln/detail/CVE-2021-43042","NVD confirms both CVE-2021-43040 and CVE-2021-43042 affect the Kaseya Unitrends Backup Appliance before 10.5.5, specifically exploiting vulnerabilities within the vaultServer component.",Both target vaultServer component vulnerabilities
