source_cve,target_cve,relationship_type,evidence_source,evidence_excerpt_location,annotator1,annotator2,final_decision
CVE-2021-43036,CVE-2021-43038,precondition_met,"https://nvd.nist.gov/vuln/detail/CVE-2021-43036, https://nvd.nist.gov/vuln/detail/CVE-2021-43038",CVE-2021-43036 postcondition (wguest account access) directly satisfies the precondition of CVE-2021-43038.,ACCEPT,ACCEPT,ACCEPT
CVE-2021-43034,CVE-2021-43043,precondition_met,"https://nvd.nist.gov/vuln/detail/CVE-2021-43034, https://nvd.nist.gov/vuln/detail/CVE-2021-43043",CVE-2021-43034 postcondition (Apache user privileges) directly satisfies the precondition for CVE-2021-43043 (Apache user access).,ACCEPT,ACCEPT,ACCEPT
CVE-2021-43042,CVE-2021-43040,precondition_met,"https://nvd.nist.gov/vuln/detail/CVE-2021-43042, https://nvd.nist.gov/vuln/detail/CVE-2021-43040","CVE-2021-43042 yields vaultServer privileges, which fulfills the precondition for CVE-2021-43040.",ACCEPT,ACCEPT,ACCEPT
CVE-2021-43041,CVE-2021-43040,precondition_met,"https://nvd.nist.gov/vuln/detail/CVE-2021-43041, https://nvd.nist.gov/vuln/detail/CVE-2021-43040","CVE-2021-43041 provides RCE with vaultServer privileges, fulfilling the precondition for CVE-2021-43040.",ACCEPT,ACCEPT,ACCEPT
CVE-2018-6328,CVE-2021-43043,precondition_met,"https://nvd.nist.gov/vuln/detail/CVE-2018-6328, https://nvd.nist.gov/vuln/detail/CVE-2021-43043",CVE-2018-6328 postcondition (web server privileges) satisfies the Apache user access precondition for CVE-2021-43043.,ACCEPT,ACCEPT,ACCEPT
CVE-2021-40387,CVE-2021-43043,precondition_met,"https://nvd.nist.gov/vuln/detail/CVE-2021-40387, https://nvd.nist.gov/vuln/detail/CVE-2021-43043","CVE-2021-40387 provides web server privileges, satisfying the Apache user access precondition for CVE-2021-43043.",ACCEPT,ACCEPT,ACCEPT
CVE-2017-12478,CVE-2018-6328,similar_attack_pattern,"https://nvd.nist.gov/vuln/detail/CVE-2017-12478, https://nvd.nist.gov/vuln/detail/CVE-2018-6328",NVD confirms: Both CVEs leverage authentication bypass in web interfaces (api/storage vs /api/hosts) to enable command execution,ACCEPT,REJECT,ACCEPT
CVE-2021-43041,CVE-2021-43042,similar_attack_pattern,"https://nvd.nist.gov/vuln/detail/CVE-2021-43041, https://nvd.nist.gov/vuln/detail/CVE-2021-43042",NVD confirms: Both CVEs target the vaultServer component with memory corruption vulnerabilities,REJECT,ACCEPT,ACCEPT
CVE-2021-40385,CVE-2021-40387,precondition_met,https://nvd.nist.gov/vuln/detail/CVE-2021-40385 / https://nvd.nist.gov/vuln/detail/CVE-2021-40387,CVE-2021-40385 (read-only to admin) vs CVE-2021-40387 (authenticated remote code execution),REJECT,REJECT,REJECT
CVE-2021-40387,CVE-2021-43034,precondition_met,https://nvd.nist.gov/vuln/detail/CVE-2021-40387 / https://nvd.nist.gov/vuln/detail/CVE-2021-43034,CVE-2021-40387 (RCE web server privs) vs CVE-2021-43034 (Local user access),REJECT,REJECT,REJECT
CVE-2017-12478,CVE-2021-43033,incomplete_fix,https://nvd.nist.gov/vuln/detail/CVE-2017-12478 / https://nvd.nist.gov/vuln/detail/CVE-2021-43033,CVE-2017-12478 (api/storage interface) vs CVE-2021-43033 (bpserverd daemon),REJECT,REJECT,REJECT
CVE-2017-12477,CVE-2017-12478,similar_attack_pattern,"https://nvd.nist.gov/vuln/detail/CVE-2017-12477, https://nvd.nist.gov/vuln/detail/CVE-2017-12478","NVD confirms: Both CVEs target Unitrends Backup < 10.0.0, exploit authentication bypass vulnerabilities, and result in arbitrary command execution with root privileges",REJECT,ACCEPT,ACCEPT
CVE-2017-12477,CVE-2021-43033,similar_attack_pattern,"https://nvd.nist.gov/vuln/detail/CVE-2017-12477, https://nvd.nist.gov/vuln/detail/CVE-2021-43033",NVD confirms: Both CVEs target the same component (bpserverd daemon) and achieve arbitrary code execution as root through input validation weaknesses,ACCEPT,REJECT,ACCEPT
CVE-2021-43039,CVE-2021-43040,reconnaissance,https://nvd.nist.gov/vuln/detail/CVE-2021-43039 / https://nvd.nist.gov/vuln/detail/CVE-2021-43040,CVE-2021-43039 (Samba sharing) vs CVE-2021-43040 (vaultServer writable files),REJECT,REJECT,REJECT
CVE-2017-12477,CVE-2018-6328,similar_attack_pattern,"https://nvd.nist.gov/vuln/detail/CVE-2017-12477, https://nvd.nist.gov/vuln/detail/CVE-2018-6328",NVD confirms both CVE-2017-12477 and CVE-2018-6328 in Unitrends Backup involve authentication bypasses allowing remote/unauthenticated users to execute or inject arbitrary commands.,ACCEPT,ACCEPT,ACCEPT
CVE-2021-43040,CVE-2021-43041,similar_attack_pattern,"https://nvd.nist.gov/vuln/detail/CVE-2021-43040, https://nvd.nist.gov/vuln/detail/CVE-2021-43041","NVD confirms both CVE-2021-43040 and CVE-2021-43041 affect the Kaseya Unitrends Backup Appliance before 10.5.5, specifically targeting the privileged vaultServer component.",ACCEPT,ACCEPT,ACCEPT
CVE-2021-43040,CVE-2021-43042,similar_attack_pattern,"https://nvd.nist.gov/vuln/detail/CVE-2021-43040, https://nvd.nist.gov/vuln/detail/CVE-2021-43042","NVD confirms both CVE-2021-43040 and CVE-2021-43042 affect the Kaseya Unitrends Backup Appliance before 10.5.5, specifically exploiting vulnerabilities within the vaultServer component.",ACCEPT,ACCEPT,ACCEPT
